1,Laptop,5700,23000000,2023,2028,unit,electronic device,thienphuoc,9/5/2023
2,Mouse,0,230000,2023,2028,unit,electronic device,thienphuoc,9/5/2023
3,keyboard,700,2300000,2023,2028,unit,electronic device,thienphuoc,9/5/2023
4,Screen,700,23000000,2023,2025,unit,electronic device,thienphuoc,9/5/2023
5,earphone,800,500000,2023,2028,unit,electronic device,thienphuoc,10/5/2023
6,mobile phone,900,5000000,2023,2028,unit,electronic device,thienphuoc,13/5/2023
7,Vietnam rice,1000,15000,2023,2023,kilogram,food,thienphuoc,16/5/2023
8,Vietnam coffee,1000,200000,2023,2024,kilogram,drink,thienphuoc,13/5/2023
9,Candy,100,100000,15/05/2023,15/05/2025,kilogram,food,thienphuoc,15/05/2023
